final_test_acc,final_test_loss,steps_to_0.5,steps_to_0.9,weight_norm_reduction,benford_chi2_reduction,p1_change,condition,seed
1.0,3.648274650913663e-05,9500,9500,0.681926178535508,0.898650567287141,0.14307498317998327,baseline,13
1.0,6.870221568533452e-06,6500,8000,0.7011097982463812,0.9526323888429263,0.12741532030766994,baseline,62
1.0,1.0656245649443008e-05,9000,10000,0.6727400035332538,0.9312379958563533,0.13488346455977013,baseline,73
1.0,8.899534805095755e-06,7500,9500,0.6979315090744568,0.9332765523780973,0.13505621067752846,baseline,8
1.0,7.046729479043279e-06,7000,8000,0.7014167025963854,0.9646796272671876,0.1212714682510819,baseline,46
1.0,6.2368717408389784e-06,8000,9000,0.7081045254543151,0.9571646377569744,0.12230396725097281,baseline,30
1.0,8.512924978276715e-06,8000,9000,0.6956971978929564,0.9408069254261338,0.13168538840600794,baseline,44
1.0,7.429115612467285e-06,6500,8500,0.6997401401216934,0.9605741900628104,0.12365354629595954,baseline,22
1.0,7.581304089399055e-06,9000,10000,0.703711335533502,0.931303792865915,0.13408167254609593,baseline,86
1.0,3.52311872120481e-05,9500,9500,0.6728422270956209,0.8304333395633288,0.1488597051496527,baseline,121
1.0,1.0526857295189984e-05,9000,10000,0.6853374744454649,0.9217562045362151,0.13774911808560936,baseline,57
1.0,3.44297441188246e-05,9500,9500,0.6747291340829743,0.8506373699582047,0.15131792786485798,baseline,80
1.0,9.075937668967526e-06,7500,8500,0.6897867248498405,0.9497046327141617,0.12807817671018654,baseline,61
1.0,1.0365989510319196e-05,8500,9500,0.686455345277291,0.9297229436375539,0.13524628823144344,baseline,89
1.0,4.2740524804685265e-05,9500,10000,0.6622899444280098,0.8301542992969422,0.14812240880823363,baseline,90
1.0,4.230485501466319e-05,9500,9500,0.666796433407965,0.8681700297796022,0.14719219369385753,baseline,88
1.0,1.3522937479137909e-05,9000,10000,0.6693004665813381,0.9371861822986748,0.1340035390224388,baseline,115
1.0,6.444099199143238e-06,6500,6500,0.708693786409588,0.9649675690344127,0.12111605356948033,baseline,2
1.0,5.3065508836880326e-05,9500,9500,0.6663247009021854,0.8132876930940964,0.14990470551332874,baseline,40
1.0,9.231402145815082e-06,9000,10000,0.678784237139949,0.9323870257405339,0.13510451140124374,baseline,81
1.0,8.45883823785698e-06,6500,8000,0.6926563198658287,0.9586701517689121,0.12554750290940833,baseline,114
1.0,7.683519470447209e-06,6500,7000,0.7041055802362962,0.9674348973286888,0.12066685683892786,baseline,94
1.0,4.0776198147796094e-05,9500,9500,0.6666763010574677,0.8137553595436986,0.15027747345164924,baseline,93
1.0,6.5803296820377e-06,6500,7500,0.7132216435152421,0.9735286589664988,0.11615812634105538,baseline,108
1.0,7.1773119998397306e-06,8500,9500,0.6999881389275209,0.9338310615293535,0.1344010255664254,baseline,123
1.0,1.0111354640685022e-05,8000,9000,0.6906135969373179,0.9425779419085836,0.13145667027312072,baseline,92
1.0,7.36535321266274e-06,8500,9500,0.6990534798639315,0.9301757387074296,0.13496898525293666,baseline,45
1.0,3.5416549508227035e-05,9000,9500,0.6787150062655646,0.9112189689081726,0.14035820953194894,baseline,56
1.0,8.476939910906367e-06,7500,9000,0.6909571911671388,0.9447258358773925,0.1305020206749827,baseline,50
1.0,1.0428235327708535e-05,7500,9000,0.6870114034357903,0.9483317476816672,0.1297880223297087,baseline,105
1.0,7.503471806558082e-06,9000,10000,0.6981673329640983,0.9389691473369713,0.13277101820198567,baseline,9
1.0,6.205865702213487e-06,6500,7500,0.7175032720511706,0.9747471537466172,0.11455482643561116,baseline,51
1.0,1.0412957635708153e-05,9000,10000,0.6832293009197602,0.9256833405159359,0.1369038554205913,baseline,66
1.0,6.6720813265419565e-06,8000,9000,0.705804638429965,0.952109498820569,0.12565177564825256,baseline,47
1.0,3.607652979553677e-05,9000,9500,0.6767052648377261,0.8357700010114397,0.1498481652543914,baseline,0
1.0,5.59589643671643e-05,9500,10000,0.6587134810267776,0.8431938956183537,0.1457065202567553,baseline,35
1.0,4.504487878875807e-05,10000,10000,0.6640377514432089,0.9248003894175533,0.13566906162490455,baseline,102
1.0,8.409604561165906e-06,8500,9500,0.6889595484592441,0.9377054906734161,0.13329976906571625,baseline,37
1.0,6.64385834170389e-06,8000,9000,0.7007261995641916,0.9317357270147771,0.13386545577699388,baseline,103
1.0,5.756881364504807e-06,6500,7500,0.7056536831365603,0.9572983973887113,0.12363451012837762,baseline,5
1.0,5.352204607333988e-05,9500,10000,0.6641237842382745,0.8442369986052739,0.14634408980979746,baseline,59
1.0,7.057966740831034e-06,9000,9500,0.6941639885193621,0.9210766902203744,0.13766302914863437,baseline,1
1.0,6.7747273533314e-06,6500,6500,0.7116449945509341,0.9736926441250938,0.11748355502418448,baseline,98
1.0,7.087544418027392e-06,8500,9500,0.6984436324307035,0.9320542321618325,0.1343930701531076,baseline,19
1.0,6.71306088406709e-06,9000,10000,0.7007078681546721,0.9445127749219503,0.12898338909699236,baseline,110
1.0,6.819343980168924e-05,9000,10500,0.6594096123189692,0.9050984310922623,0.13950840091646363,baseline,52
1.0,7.2802331487764604e-06,8500,9500,0.6978153855013478,0.918405104249159,0.1387978120340401,baseline,83
1.0,6.4756568463053554e-06,8000,9000,0.706124394242536,0.951101737163261,0.12614103356729822,baseline,120
1.0,3.9788123103789985e-05,9000,10000,0.670716561685769,0.8441473239471384,0.1467501000109103,baseline,69
1.0,4.1176474042003974e-05,9500,9500,0.6760948550562004,0.8841099083825654,0.14400747126959304,baseline,67
1.0,6.386409950209782e-05,9500,10000,0.6507004945228144,0.8298237716339897,0.1443543841146307,baseline,63
1.0,9.716784916236065e-06,8500,9000,0.6816120467567637,0.9362230100928753,0.13374157862675926,baseline,26
1.0,7.385810022242367e-06,9000,9500,0.6977742227582667,0.927789959215529,0.13481669591228132,baseline,28
1.0,1.3955198483017739e-05,8500,9500,0.6734913387551235,0.9236900588750104,0.1373504950540059,baseline,117
1.0,7.158424068620661e-06,8000,8500,0.7015126096237366,0.9434484794003385,0.12811852202058407,baseline,116
1.0,6.94806658430025e-06,8500,9500,0.7064571606257607,0.9368106071601694,0.13201979988726043,baseline,64
1.0,7.799193554092199e-06,6500,8000,0.7045286318730857,0.9604321593799836,0.1240768879332291,baseline,109
1.0,8.544480806449428e-06,6500,8000,0.692091225166482,0.9668289997742299,0.12193290404407753,baseline,124
1.0,7.758147148706485e-06,9000,9500,0.6855500999860757,0.9255302363279604,0.13678253536749463,baseline,68
1.0,6.462666078732582e-06,6500,8000,0.7051984985117726,0.9624370766527292,0.12254291377241153,baseline,14
1.0,3.6546887713484466e-05,9500,9500,0.6782566968809605,0.8409684877434647,0.1532283635487508,baseline,36
1.0,5.3664054576074705e-05,9000,10000,0.6742359362742142,0.8282503148660867,0.1527763255991563,baseline,111
1.0,4.775352863362059e-05,9500,9500,0.6617687849043588,0.856720026881365,0.14846790104375024,baseline,104
1.0,8.229143531934824e-06,8000,9000,0.6952494677885863,0.9416270051580146,0.13167942184601955,baseline,10
1.0,6.402425697160652e-06,8000,8500,0.7039390339119314,0.9444007643127044,0.12931041340873548,baseline,17
1.0,1.0422052582725883e-05,7000,7500,0.6809539129863499,0.9488174288951935,0.13024176501072843,baseline,74
1.0,6.7791715991916135e-06,8000,8500,0.6988236326717681,0.9540271740837846,0.12513325317307342,baseline,11
1.0,8.778986739343964e-06,8500,9500,0.6969307285194958,0.9450571904550491,0.130680165108921,baseline,3
1.0,6.544048119394574e-06,6500,8500,0.7055104495952313,0.9526032283443437,0.12686952212968686,baseline,119
1.0,3.491906318231486e-05,9500,9500,0.6789560044643814,0.8316944388249167,0.15150601656544352,baseline,65
1.0,9.682668860477861e-06,7500,8500,0.6912104720350366,0.9516199694030795,0.127909124177183,baseline,58
1.0,7.904401172709186e-06,8500,9500,0.6938914378925872,0.9333541549295032,0.13461781057933592,baseline,106
1.0,7.84728672442725e-06,6000,7000,0.6995363264474167,0.9746289978332124,0.11757106457068045,baseline,23
1.0,8.494143912685104e-06,8000,9000,0.6969936318010688,0.9302603948496427,0.13502325253664038,baseline,85
1.0,5.250372851151042e-05,9500,10000,0.6690577946306532,0.8966624225060033,0.141566011746736,baseline,48
1.0,8.239492672146298e-06,9000,10000,0.6940723173147973,0.918117003498898,0.13894669191184494,baseline,39
1.0,5.584076279774308e-05,9500,10000,0.6595905884465239,0.8558792414839014,0.14598751682001673,baseline,99
1.0,7.959984941408038e-06,8500,9500,0.6931764845879963,0.9260080451164996,0.13661973351638357,baseline,84
1.0,5.897559276490938e-06,8000,9000,0.7029187368893334,0.9276897954984795,0.1333452285703895,baseline,95
1.0,6.395951913873432e-06,8000,9000,0.6962824035167341,0.933821981134048,0.13320373586209405,baseline,43
1.0,7.015379651420517e-06,8500,9000,0.6906977701364216,0.9489668036316958,0.12850009773793503,baseline,7
1.0,4.024627560283989e-05,10000,10000,0.6732142488208299,0.8189427196134685,0.15165404407753574,baseline,78
1.0,3.560715413186699e-05,9500,9500,0.672471252471906,0.8456610168396131,0.14801813606938938,baseline,101
1.0,8.35036098578712e-06,7000,8500,0.6942309616947466,0.970658648263011,0.12007218969342112,baseline,24
1.0,6.836737156845629e-06,9000,9500,0.6968419972872708,0.9305238442059204,0.13431550487325888,baseline,15
1.0,4.5341061195358634e-05,9500,9500,0.6645653210551007,0.8877738864234974,0.14303066016292684,baseline,27
1.0,4.053609154652804e-05,9500,9500,0.6768954851394556,0.8028901494779848,0.15308175664617957,baseline,33
1.0,7.557815479231067e-06,8500,9500,0.7031642298687909,0.9432646976587556,0.1307108502745754,baseline,20
1.0,4.6725257561774924e-05,9500,9500,0.6712219747779358,0.8161310615873549,0.15004222051496524,baseline,25
1.0,8.164980499714147e-06,6500,8000,0.6956016056649638,0.95345466009798,0.12676269229370477,baseline,41
1.0,3.088464291067794e-05,9500,9500,0.6846788453137517,0.8912336450019898,0.14594234143724769,baseline,16
1.0,2.9943723347969353e-05,9000,9500,0.6859338906717719,0.8848600492794149,0.14797097183329092,baseline,113
1.0,7.142851245589554e-06,9000,10000,0.6893843439211442,0.9154436614663094,0.1396291527257519,baseline,60
1.0,8.16662850411376e-06,9000,9500,0.693358846982448,0.9258560331214023,0.13662854129541402,baseline,96
1.0,7.095287855918286e-06,6500,8000,0.7035204180418745,0.9479685265004502,0.12876660408408191,baseline,122
1.0,7.081468083924847e-06,7500,8500,0.6929402886773596,0.9667138198295623,0.12211332145324943,baseline,55
1.0,8.475921276840381e-06,8500,9000,0.6925908351558144,0.9438513279410439,0.13044519629414117,baseline,29
1.0,8.014966624614317e-06,9500,10000,0.6876497143037414,0.9199992695428035,0.1383991890024366,baseline,71
1.0,8.201418495445978e-06,7000,8500,0.6936034141125046,0.9523205339227035,0.12764460668436559,baseline,91
1.0,8.162948688550387e-06,6500,7500,0.6878369681243521,0.9643294829568414,0.12282334209186455,baseline,54
1.0,9.572956514602993e-06,7500,9000,0.6811204716397958,0.9511707335387278,0.1290495895006728,baseline,12
1.0,6.427324933611089e-06,8500,9500,0.701248844351751,0.9150422982317724,0.13883190666254502,baseline,70
1.0,7.377680049103219e-06,8000,9000,0.6980626493623527,0.9439081302785521,0.13065771947848856,baseline,87
1.0,7.5815087257069536e-06,6500,7000,0.6941510289382478,0.9663082107270543,0.12119844892170054,baseline,18
1.0,4.2337458580732346e-05,9500,9500,0.6625153906549668,0.8367925011888395,0.14616083118158343,baseline,4
1.0,6.3725515246915165e-06,7500,8500,0.7079634191954599,0.9398082113796139,0.1312211332145325,baseline,118
1.0,1.2548575796245132e-05,9000,10000,0.6756002375404246,0.9090239640040719,0.14080428092155506,baseline,97
1.0,6.405675321730087e-06,7500,8500,0.7108915522593793,0.9537811536937044,0.12627798032512635,baseline,75
1.0,7.161691883084131e-06,9000,9500,0.6962182778460739,0.9098816789618072,0.1407349551769284,baseline,6
1.0,5.230968599789776e-05,8500,10000,0.6731096213194077,0.7956130691695805,0.15307550596428704,baseline,32
1.0,7.621110853506252e-06,6500,8000,0.7010138025449305,0.9692320607904177,0.12019436211223045,baseline,107
1.0,5.624788536806591e-05,9500,10000,0.6541595436674696,0.9150653718654687,0.13623872604284107,baseline,112
1.0,6.744595793861663e-06,7000,8500,0.703412462964018,0.954969108013536,0.12432691520893188,baseline,53
1.0,5.97274411120452e-05,10000,10000,0.6597577832136191,0.8043452217717696,0.14514395888642398,baseline,42
1.0,6.907589522597846e-06,8000,9000,0.6944046257811074,0.9504687812308434,0.1277954754154999,baseline,77
1.0,7.26816233509453e-06,8500,9000,0.7022787117125692,0.9513096879451679,0.12695617931047026,baseline,38
1.0,4.050009374623187e-05,9000,9500,0.6681398604502811,0.8354312368096037,0.14886993353820413,baseline,34
1.0,5.064786455477588e-05,9500,11000,0.6585111899616263,0.8297177670763174,0.1463031762555915,baseline,49
1.0,1.124497975979466e-05,7000,8500,0.686225115572873,0.9483203127764683,0.12947349938175076,baseline,21
1.0,6.649482656939654e-06,8500,9000,0.7021859359836522,0.9431306844563254,0.13115493281085208,baseline,76
1.0,7.141475180105772e-06,7500,8500,0.7060167619581018,0.9668344674195098,0.12045632250790997,baseline,72
1.0,7.067848855513148e-06,8000,9000,0.6968573684684383,0.9410889589627489,0.13087819807615378,baseline,100
1.0,3.9627357182325795e-05,9500,9500,0.6690792539122491,0.8130366300044788,0.15001778603120342,baseline,31
1.0,4.0502498450223356e-05,9500,9500,0.6656406920013482,0.8192138288455925,0.149003754955086,baseline,82
1.0,9.492192475590855e-06,8000,8500,0.6818548658263538,0.9612607222292004,0.1255918259264647,baseline,79
1.0,1.3066593965049833e-05,7500,8000,0.7434954414964671,0.8164411649575266,0.16170989169064137,full_steerage_v3,13
1.0,5.400542704592226e-06,6000,6500,0.7631325672248422,0.9592309571621845,0.0995240311389406,full_steerage_v3,62
1.0,1.2257882190169767e-05,8000,8000,0.7487260912275225,0.9260942271490907,0.12533423591132173,full_steerage_v3,73
0.9994202852249146,0.001810475834645331,8000,8500,0.6653111753317401,0.9708706410070121,0.07362894525300387,full_steerage_v3,8
1.0,0.00016407536168117076,7000,7500,0.7171433912743919,0.9937943691377517,0.10286295269927226,full_steerage_v3,46
1.0,1.2983191481907852e-05,8000,8000,0.7481948248881829,0.8276536449075469,0.15422792562193263,full_steerage_v3,30
1.0,1.708910167508293e-05,7500,8000,0.7359758846045854,0.8498067423031306,0.15483399263834827,full_steerage_v3,44
1.0,1.7230900994036347e-05,8000,8500,0.7517266052392206,0.8503301686716052,0.14973345743780675,full_steerage_v3,22
1.0,1.0554328582657035e-05,7500,7500,0.7524750498112162,0.8457044639653906,0.1507250592316805,full_steerage_v3,86
1.0,1.0393696356914006e-05,7500,8500,0.7477414013706221,0.835517415280304,0.1544733140125233,full_steerage_v3,121
1.0,1.4416681551665533e-05,8500,8500,0.7440963290438031,0.7628808839992252,0.17090323024200374,full_steerage_v3,57
0.9998067617416382,0.00039401493268087506,7500,8500,0.6962562557205269,0.9943325116146564,0.08718850482315113,full_steerage_v3,80
1.0,0.00017973493959289044,7500,8500,0.672532823284147,0.9780628295325116,0.12008033296666101,full_steerage_v3,61
1.0,1.2807397979486268e-05,7500,7500,0.7393938837319374,0.7966523037497708,0.163966248519208,full_steerage_v3,89
0.9789372086524963,0.06279623508453369,8000,8000,0.6616136247060409,0.9996805397473927,0.09786607293958369,full_steerage_v3,90
1.0,1.2961703760083765e-05,7500,8000,0.7311876872957773,0.7868759068605977,0.16964376375021156,full_steerage_v3,88
1.0,1.195565619127592e-05,8000,8000,0.7463740600696046,0.7760278853899728,0.16504352470807246,full_steerage_v3,115
0.9673429727554321,0.10198376327753067,5000,5500,0.6975246538226441,0.9945011030249974,0.08811955280081232,full_steerage_v3,2
1.0,1.1719843314494938e-05,7500,7500,0.7467005018442054,0.7837423417043938,0.16194443856828564,full_steerage_v3,40
1.0,1.2433656593202613e-05,7500,8500,0.7432195205736005,0.8145102882933632,0.16179292181418176,full_steerage_v3,81
1.0,0.00022241912665776908,5500,7000,0.7190081440612137,0.997607996233278,0.09190456295481467,full_steerage_v3,114
1.0,0.00029494077898561954,7500,8000,0.6436334127608035,0.9931360732174114,0.1031876692333728,full_steerage_v3,94
1.0,4.618283583113225e-06,6000,7500,0.770593113844833,0.9889861230565258,0.09524269123371129,full_steerage_v3,93
1.0,2.2876234652358107e-05,6500,8000,0.7232511414881919,0.7924760119156795,0.17027389363682516,full_steerage_v3,108
1.0,1.353729203401599e-05,7500,7500,0.7370826956656523,0.8000151875068925,0.16593041335251313,full_steerage_v3,123
1.0,0.0006914825062267482,7500,9000,0.6738786586489428,0.9971753889137184,0.10617992680656627,full_steerage_v3,92
1.0,4.693148639489664e-06,6000,7500,0.7771263191562082,0.9836318715615687,0.09577630521238789,full_steerage_v3,45
1.0,0.00032639611163176596,7500,8500,0.6848523454027386,0.9927891110332732,0.08431920587239802,full_steerage_v3,56
0.9971014261245728,0.008595773950219154,8000,8000,0.6726019864954517,0.9967011175975476,0.09264680995092231,full_steerage_v3,50
1.0,1.9817176507785916e-05,8000,8500,0.7372118781578376,0.7798832035075071,0.1696408550516162,full_steerage_v3,9
1.0,7.958290370879695e-05,7000,8000,0.7565130762682127,0.9520900556957904,0.125096251480792,full_steerage_v3,51
1.0,0.0002982502046506852,7500,8000,0.667921926348617,0.9910998857772865,0.0842099974614994,full_steerage_v3,66
1.0,1.2409160262905061e-05,7500,8000,0.7506543339762323,0.9031157112040953,0.13153716787950584,full_steerage_v3,47
0.9998067617416382,0.00044341073953546584,8000,8000,0.6945646485081981,0.9892022510768865,0.08159957268573362,full_steerage_v3,0
1.0,0.00025027451920323074,7000,8000,0.6538567534847849,0.9923169108114389,0.08435093712980202,full_steerage_v3,35
1.0,1.237478409166215e-05,7500,9500,0.7384137265554653,0.810619468964455,0.16293868463360975,full_steerage_v3,102
1.0,9.426858014194295e-05,6500,7500,0.7251579632591472,0.9879774517268255,0.1097898861905568,full_steerage_v3,37
1.0,3.4895899716502754e-06,6500,7500,0.7737645450947179,0.9984168398346557,0.09525697029954308,full_steerage_v3,103
1.0,1.5210853234748356e-05,7500,8000,0.7397967920064826,0.7551594999750504,0.17368315281773566,full_steerage_v3,5
1.0,1.029711256705923e-05,7500,8000,0.7490857725109403,0.8132699029606492,0.15909100524623457,full_steerage_v3,59
1.0,6.4496739469177555e-06,6500,6500,0.7600471061931559,0.9447612381942044,0.1083450562700965,full_steerage_v3,1
1.0,0.0003122504276689142,6500,7500,0.7091554010906982,0.9924642118424378,0.09152193687595192,full_steerage_v3,98
1.0,3.7349182093748823e-06,6500,7500,0.7694571651996115,0.9953848158266251,0.09159941402944663,full_steerage_v3,19
1.0,1.1255062418058515e-05,8000,8000,0.7466678789881703,0.782714860392729,0.1662220764934845,full_steerage_v3,110
1.0,0.0006605861708521843,7500,9000,0.6891005154448585,0.9838477803920236,0.11651241749873076,full_steerage_v3,52
1.0,1.1900690878974274e-05,7500,8000,0.7456507777357723,0.7720162558377472,0.1665150617701811,full_steerage_v3,83
1.0,1.0672775715647731e-05,7500,8000,0.7543712497771148,0.7725623275773895,0.1654012946353021,full_steerage_v3,120
1.0,1.2884831448900513e-05,7500,8000,0.7449155206895934,0.7693482151651849,0.16729062658656285,full_steerage_v3,69
1.0,0.0002640365273691714,7500,8000,0.6652646764897976,0.9971547812761121,0.10752559654763921,full_steerage_v3,67
1.0,1.1588538654905278e-05,8000,9500,0.7441002309026514,0.8331136560633827,0.15803726307327803,full_steerage_v3,63
1.0,1.1764647751988377e-05,7500,8000,0.7476632396216281,0.9056892756545222,0.1315022634963615,full_steerage_v3,26
1.0,1.1470281606307253e-05,7500,7500,0.7483607454428592,0.7579920540432665,0.16724514511761718,full_steerage_v3,28
1.0,8.759001502767205e-06,7500,7500,0.7599748487676006,0.8137809974604534,0.14936563927906585,full_steerage_v3,117
1.0,3.539946419550688e-06,6500,7500,0.7770940964940917,0.9979588920872984,0.092772412844813,full_steerage_v3,116
1.0,1.2922302630613558e-05,7500,8000,0.7442906019720849,0.7851378705218824,0.1681478993907599,full_steerage_v3,64
1.0,0.00037209317088127136,6000,7000,0.6608312002099267,0.9956765034342444,0.10267758927060419,full_steerage_v3,109
1.0,4.646549314202275e-06,6000,6500,0.7655265994557966,0.9483752739406055,0.09466518234895918,full_steerage_v3,124
1.0,1.2391569725878071e-05,7500,8000,0.7429485206357679,0.8144643576388702,0.1607169677610425,full_steerage_v3,68
1.0,5.58791452931473e-06,7500,8500,0.7603758338356726,0.9666105788606478,0.10538849636148248,full_steerage_v3,14
1.0,1.2783107194991317e-05,7500,7500,0.7456323847623376,0.7984972580663493,0.16309892748349974,full_steerage_v3,36
1.0,1.0443944120197557e-05,8000,8000,0.7439984766588881,0.7140086490377555,0.1759508800135387,full_steerage_v3,111
1.0,1.2914295439259149e-05,7500,9000,0.7414119016433285,0.8213597064833277,0.1609028600440007,full_steerage_v3,104
1.0,0.0003129570104647428,7000,8000,0.674091629439282,0.9906059393801636,0.08335246023015741,full_steerage_v3,10
1.0,0.00017725827638059855,7000,8000,0.7033760366995365,0.9864735038603933,0.11412781350482318,full_steerage_v3,17
1.0,0.0003053768305107951,7500,8500,0.6510071978222008,0.967918312878897,0.07181814816381787,full_steerage_v3,74
1.0,0.00016556683112867177,6500,7500,0.700669710737213,0.9906395087194337,0.0837477788119817,full_steerage_v3,11
1.0,1.1736957276298199e-05,8000,8000,0.7512020433896599,0.8573241897740497,0.14271714757150109,full_steerage_v3,3
1.0,3.1712165764474776e-06,6500,7500,0.776617189425586,0.9961299497706824,0.09058824462684043,full_steerage_v3,119
1.0,0.00042410416062921286,7500,8500,0.6860722350958591,0.9934724077835936,0.08528013411744795,full_steerage_v3,65
1.0,3.835190909740049e-06,5500,5500,0.7685245058335505,0.9923985169824436,0.0956060141309866,full_steerage_v3,58
1.0,1.1519528925418854e-05,8000,8000,0.7497290802479163,0.8722768049064338,0.14078788712134035,full_steerage_v3,106
1.0,0.0003568796964827925,7000,7500,0.7036734984460246,0.9967122156117055,0.1006274856151633,full_steerage_v3,23
1.0,2.086703898385167e-05,7500,8000,0.7350814636017593,0.8670712184807001,0.15373609113217124,full_steerage_v3,85
1.0,0.0005592962843365967,8000,8000,0.6751882082321218,0.9968959106745767,0.08939752919275681,full_steerage_v3,48
1.0,1.4433226169785485e-05,7500,8000,0.7468624759456991,0.8876029469722978,0.14112767600270773,full_steerage_v3,39
0.9998067617416382,0.0006723410333506763,7500,7500,0.6603965390708627,0.9979996611532413,0.10177086859028603,full_steerage_v3,99
1.0,1.2762224287143908e-05,7500,7500,0.7403403526246704,0.7924007752227874,0.16634635725165003,full_steerage_v3,95
1.0,1.1090193765994627e-05,7500,7500,0.743495681821127,0.8387314216921227,0.15194671264173296,full_steerage_v3,43
1.0,0.00014613645907957107,7000,8000,0.6550071590115301,0.9966212389100761,0.10009149179218141,full_steerage_v3,7
1.0,1.0632046723912936e-05,7500,7500,0.7601615868118459,0.87710070812297,0.1333299839228296,full_steerage_v3,78
1.0,0.00016337248962372541,8000,9500,0.7027894950794786,0.9731750012064061,0.12397217168725674,full_steerage_v3,101
1.0,1.2670428986893967e-05,7500,7500,0.7411558729899014,0.8220493867664347,0.15653399475376545,full_steerage_v3,24
1.0,1.1317420103296172e-05,8000,8000,0.7513149121674183,0.7128050620262356,0.1757316699103063,full_steerage_v3,15
1.0,1.4963225112296641e-05,7500,8500,0.7407538487678452,0.8049869800298731,0.1624309845151464,full_steerage_v3,27
1.0,1.214406165672699e-05,7500,8500,0.7443480418506655,0.8413724179055572,0.15562357209341682,full_steerage_v3,33
1.0,1.1443700714153238e-05,8000,8000,0.750161092290837,0.7915766588020833,0.16503770731088171,full_steerage_v3,20
0.9998067617416382,0.0008707348606549203,8000,8000,0.6801557393629051,0.9767873887276288,0.07616030631240478,full_steerage_v3,25
1.0,3.95218876292347e-06,5500,7000,0.7681242030253368,0.9935622376222288,0.0967131705872398,full_steerage_v3,41
1.0,0.0005633177934214473,8000,8000,0.687969062536261,0.9980760559330281,0.09202038204433916,full_steerage_v3,16
1.0,1.0204578757111449e-05,7500,7500,0.7497595374538559,0.8806466263038478,0.14294746361482485,full_steerage_v3,113
1.0,1.2490709195844829e-05,7500,7500,0.7354642085253581,0.7755480762136827,0.1665809041292943,full_steerage_v3,60
1.0,0.00028888549422845244,8000,8000,0.6962642465969581,0.9943871617584886,0.10707448383821289,full_steerage_v3,96
1.0,4.921317213302245e-06,6000,6000,0.7747391109674445,0.9249818163280777,0.10190149559993228,full_steerage_v3,122
0.9998067617416382,0.0003709492739289999,8500,9000,0.6374404953710425,0.9956008255938351,0.10857986757488577,full_steerage_v3,55
1.0,0.0003124366339761764,7500,8000,0.6663552599687453,0.9961465015935657,0.09773597478422746,full_steerage_v3,29
1.0,1.8575550711830147e-05,8500,8500,0.7381714171551782,0.7762620365456255,0.17140590624471147,full_steerage_v3,71
1.0,1.1796843864431139e-05,7500,8000,0.7443552325552556,0.7789393871296695,0.16641378617363345,full_steerage_v3,91
1.0,0.0004526570555754006,7500,8000,0.7022567018744046,0.9900694404675529,0.08609033888982909,full_steerage_v3,54
1.0,1.2066937415511347e-05,7500,7500,0.7450300927917686,0.7853821963887005,0.16584235911321712,full_steerage_v3,12
1.0,3.3845255984488176e-06,7000,8000,0.778184518250227,0.9975381045001559,0.09297628617363343,full_steerage_v3,70
1.0,1.3377190043684095e-05,7500,8000,0.7468007511942301,0.9128147400289321,0.13125211541716025,full_steerage_v3,87
1.0,1.4044549971004017e-05,8000,8000,0.7429065041474631,0.7555119723664975,0.1721452445422237,full_steerage_v3,18
1.0,1.896495814435184e-05,8500,8500,0.7338023336709317,0.8619415901107902,0.15253612074801154,full_steerage_v3,4
1.0,7.665313205507118e-06,6500,7500,0.7596073911528706,0.8658902251152625,0.1315649327297343,full_steerage_v3,118
1.0,6.603605288546532e-05,7500,8500,0.6708518665304998,0.9903957185039196,0.08427821966491794,full_steerage_v3,97
1.0,1.005778176477179e-05,7500,8000,0.7557539231584517,0.7617108852267287,0.16554434972076493,full_steerage_v3,75
1.0,1.233820785273565e-05,7500,9000,0.744268824682391,0.8157333057337006,0.16176859451683873,full_steerage_v3,6
1.0,0.0004947941051796079,7000,7500,0.7050256458892249,0.9927186425815661,0.09493965772550347,full_steerage_v3,32
0.9994202852249146,0.0024145571514964104,8000,8000,0.6453815654421022,0.9954103653730689,0.08846621678795058,full_steerage_v3,107
1.0,1.6309179045492783e-05,8000,8500,0.7399062676664563,0.7730172166946485,0.17149369605686243,full_steerage_v3,112
1.0,0.00034499133471399546,8000,8000,0.6808705159565291,0.9896530821238688,0.08898132086647487,full_steerage_v3,53
0.990338146686554,0.03553495928645134,7500,9000,0.6398271736120513,0.9912468544677461,0.08466084574378069,full_steerage_v3,42
1.0,1.3110375221003778e-05,7500,8000,0.7375483811454445,0.7842824650523041,0.16870398967676428,full_steerage_v3,77
1.0,1.4277035916165914e-05,7500,8000,0.7350658015957587,0.8011930925521071,0.1665592211034016,full_steerage_v3,38
1.0,1.0681780622689985e-05,7500,7500,0.7483790424410709,0.8035812013713762,0.1610432708580132,full_steerage_v3,34
1.0,1.4508441381622106e-05,8000,8000,0.7394692842965818,0.7934358737447623,0.16760079962768656,full_steerage_v3,49
1.0,4.00240560338716e-06,5500,6500,0.7673110932988026,0.9978466180327918,0.09246541292942967,full_steerage_v3,21
1.0,1.4918183296686038e-05,7500,8000,0.7379883149635378,0.7641663976709158,0.1720870705703165,full_steerage_v3,76
1.0,1.3847133232047781e-05,7500,8000,0.7565129801583808,0.7689000989576917,0.16161099593839903,full_steerage_v3,72
0.9897584319114685,0.02956824190914631,7500,8500,0.6718541785493304,0.9919085663684664,0.08457966661025554,full_steerage_v3,100
1.0,0.0003930869570467621,8000,8500,0.6720376240377212,0.994712392195656,0.08728475630394311,full_steerage_v3,31
1.0,1.0542421478021424e-05,7500,7500,0.748923811525786,0.7629175901984283,0.16661527965814857,full_steerage_v3,82
1.0,1.1294150681351312e-05,8000,8000,0.742456615907423,0.7703064678267606,0.1683686960568624,full_steerage_v3,79
